Id,PredictedPrice
0,4.935677e+06
1,7.126563e+06
2,3.734623e+06
3,4.6407495e+06
4,4.019621e+06
5,2.9829238e+06
6,6.321063e+06
7,4.6321845e+06
8,2.5691515e+06
9,2.964606e+06
10,1.0079292e+07
11,3.3615245e+06
12,2.9069938e+06
13,3.1897318e+06
14,2.7910572e+06
15,3.5219102e+06
16,3.0120328e+06
17,4.805826e+06
18,3.5960725e+06
19,4.0202728e+06
20,5.373951e+06
21,5.721447e+06
22,2.893325e+06
23,3.7501018e+06
24,4.400172e+06
25,6.2257705e+06
26,2.711922e+06
27,4.9093695e+06
28,6.8986845e+06
29,3.086512e+06
30,5.0431e+06
31,3.2456962e+06
32,6.7588095e+06
33,4.276233e+06
34,2.995047e+06
35,6.942144e+06
36,4.431318e+06
37,3.3191662e+06
38,2.6841898e+06
39,4.65023e+06
40,3.7126912e+06
41,3.018903e+06
42,7.450199e+06
43,4.105446e+06
44,3.5198285e+06
45,4.329744e+06
46,6.6927565e+06
47,4.0195712e+06
48,2.7969938e+06
49,2.7940798e+06
50,7.771682e+06
51,2.2762375e+06
52,3.7340212e+06
53,3.8949805e+06
54,3.2246452e+06
55,2.8311248e+06
56,6.3791085e+06
57,2.752092e+06
58,4.311593e+06
59,2.973205e+06
60,3.620287e+06
61,3.2910192e+06
62,4.633205e+06
63,4.0410685e+06
64,3.7530035e+06
65,4.8708855e+06
66,5.9778e+06
67,2.9620342e+06
68,4.8143355e+06
69,4.9854065e+06
70,4.0262352e+06
71,6.3618905e+06
72,6.07156e+06
73,6.781847e+06
74,2.901399e+06
75,5.235215e+06
76,3.3673225e+06
77,4.6976475e+06
78,4.4937925e+06
79,4.519985e+06
80,8.429117e+06
81,3.6521138e+06
82,4.66459e+06
83,5.806793e+06
84,2.754232e+06
85,5.670056e+06
86,2.681539e+06
87,4.269778e+06
88,1.0587051e+07
89,8.650975e+06
90,3.293173e+06
91,6.2328225e+06
92,3.4358955e+06
93,3.654685e+06
94,9.185671e+06
95,4.688343e+06
96,4.4141805e+06
97,5.4604165e+06
98,4.0366658e+06
99,5.7131155e+06
100,4.3979485e+06
101,7.4389105e+06
102,4.147795e+06
103,4.3362525e+06
104,5.1390465e+06
105,4.2802275e+06
106,7.8610205e+06
107,8.592629e+06
108,5.3001345e+06
